Date,Price,Open_Price,Highest_Price,Lowest_Price,Volume,Change%
2025-10-02,14.02,14.04,14.09,13.97,546500.0,0.43
2025-10-01,13.96,13.915,13.995,13.81,3390000.0,-0.11
2025-09-30,13.975,14.265,14.28,13.89,5360000.0,-1.93
2025-09-29,14.5,14.265,14.3,14.165,4900000.0,0.35
2025-09-26,14.2,13.945,14.255,13.935,4200000.0,2.56
2025-09-25,13.845,13.97,13.98,13.775,2870000.0,-1.11
2025-09-24,14.0,13.9,14.08,13.875,6260000.0,0.72
2025-09-22,13.745,13.825,13.84,13.685,3350000.0,-0.83
2025-09-19,13.86,13.69,13.905,13.61,9000000.0,1.54
2025-09-17,13.74,13.78,13.795,13.645,4000000.0,0.15
2025-09-16,13.72,13.835,13.905,13.695,3440000.0,-0.87
2025-09-15,13.84,13.76,13.89,13.69,2930000.0,1.06
2025-09-12,13.695,13.65,13.715,13.59,2620000.0,0.48
2025-09-11,13.63,13.85,13.71,13.585,3260000.0,-0.37
2025-09-10,13.68,13.575,13.705,13.535,3860000.0,0.81
2025-09-09,13.57,13.555,13.675,13.465,3600000.0,0.3
2025-09-08,13.53,13.37,13.55,13.355,5430000.0,1.42
2025-09-05,13.34,13.4,13.48,13.31,3930000.0,-0.22
2025-09-04,13.37,13.245,14.22,13.2,3170000.0,1.25
2025-09-03,13.205,13.3,13.36,13.135,2910000.0,-0.49
2025-09-02,13.27,13.38,13.445,13.245,3240000.0,-0.67
2025-09-01,13.36,13.155,13.38,13.155,3120000.0,2.45
2025-08-29,13.04,13.08,13.095,12.94,4130000.0,-0.61
2025-08-28,13.12,13.22,13.29,13.095,2430000.0,-0.61
2025-08-27,13.2,13.33,13.375,13.145,3380000.0,-0.98
2025-08-26,13.33,13.335,13.355,13.13,6310000.0,-0.52
2025-08-25,13.4,13.44,13.48,13.37,2430000.0,-0.7
2025-08-20,13.56,13.54,13.56,13.465,2700000.0,0.07
2025-08-19,13.55,13.58,13.655,13.55,2110000.0,0.15
2025-08-18,13.53,13.725,13.765,13.505,2300000.0,-1.35
2025-08-15,13.715,13.73,13.81,13.65,3490000.0,0.26
2025-08-14,13.68,13.4,13.69,13.395,4660000.0,2.43
2025-08-13,13.355,13.255,13.385,13.235,2990000.0,0.83
2025-08-12,13.245,13.21,13.26,13.11,4130000.0,0.8
2025-08-11,13.14,13.215,13.255,13.13,2880000.0,-0.11
2025-08-08,13.155,13.03,13.16,13.025,4120000.0,1.0
2025-08-07,13.025,12.9,13.025,12.89,3660000.0,1.32
2025-08-06,12.855,12.825,12.92,12.825,2810000.0,0.71
2025-08-05,12.765,12.87,12.89,12.755,2980000.0,-0.51
2025-08-04,12.83,12.68,12.835,12.68,3270000.0,1.58
2025-08-01,12.63,12.72,12.75,12.555,5890000.0,-1.33
2025-07-31,12.8,12.92,12.94,12.785,4390000.0,-0.54
2025-07-30,12.87,12.66,12.93,12.66,2860000.0,0.78
2025-07-29,12.77,12.77,12.77,12.77,3960000.0,1.27
2025-07-28,12.61,12.725,12.77,12.575,2840000.0,0.08
2025-07-25,12.6,12.69,12.695,12.575,3610000.0,-0.63
2025-07-24,12.68,12.61,12.71,12.56,6530000.0,1.89
2025-07-23,12.445,12.275,12.47,12.265,4179999.9999999995,2.47
2025-07-22,12.145,12.23,12.265,12.145,3960000.0,-0.9
2025-07-21,12.255,12.18,12.285,12.155,3660000.0,0.29
2025-07-18,12.22,12.2,12.28,12.1,5980000.0,0.58
2025-07-17,12.15,12.43,12.45,11.965,11130000.0,-2.68
2025-07-16,12.485,12.47,12.56,12.435,3780000.0,-0.08
2025-07-14,12.63,12.555,12.635,12.485,2270000.0,-0.24
2025-07-11,12.66,12.9,12.91,12.625,4400000.0,-2.31
2025-07-10,12.96,13.0,13.025,12.905,2940000.0,0.19
2025-07-09,12.935,12.73,12.935,12.71,4420000.0,2.37
2025-07-08,12.635,12.68,12.715,12.565,3020000.0,-0.24
2025-07-07,12.665,12.52,12.665,12.51,2360000.0,1.16
2025-07-04,12.52,12.665,12.68,12.485,2750000.0,-1.3
2025-07-03,12.685,12.545,12.725,12.515,2940000.0,1.4
2025-07-02,12.51,12.5,12.595,12.465,2840000.0,0.6
2025-07-01,12.435,12.61,12.625,12.37,3350000.0,-1.39
2025-06-30,12.61,12.745,12.77,12.565,5380000.0,-0.75
2025-06-27,12.705,12.505,12.72,12.485,4090000.0,2.21
2025-06-26,12.43,12.515,12.55,12.375,3690000.0,-0.2
2025-06-25,12.455,12.53,12.53,12.395,3300000.0,-0.2
2025-06-24,12.48,12.38,12.525,12.365,5320000.0,2.76
2025-06-23,12.145,12.215,12.315,12.09,6680000.0,-1.38
2025-06-18,12.435,12.44,12.505,12.365,4250000.0,-0.04
2025-06-17,12.44,12.51,12.525,12.395,4170000.0,-1.27
2025-06-16,12.6,12.455,12.62,12.435,4210000.0,1.45
2025-06-13,12.42,12.445,12.51,12.37,6950000.0,-1.66
2025-06-12,12.63,12.445,12.655,12.395,5030000.0,0.52
2025-06-11,12.565,12.61,12.69,12.54,5740000.0,-0.36
2025-06-10,12.61,12.705,12.71,12.57,3890000.0,-0.86
2025-06-09,12.72,12.685,12.72,12.625,2600000.0,0.2
2025-06-06,12.695,12.715,12.74,12.615,4660000.0,-0.2
2025-06-05,12.72,12.72,12.73,12.58,5050000.0,-0.27
2025-06-04,12.755,12.78,12.825,12.7,4050000.0,0.31
2025-06-03,12.715,12.83,12.835,12.595,3870000.0,-0.78
2025-06-02,12.815,12.7,12.87,12.645,5820000.0,0.39
2025-05-28,12.68,12.7,12.77,12.61,4139999.9999999995,-0.35
2025-05-27,12.725,12.8,12.83,12.7,3220000.0,-0.39
2025-05-26,12.775,12.79,12.85,12.72,3210000.0,0.87
2025-05-23,12.665,12.805,12.84,12.33,6790000.0,-0.98
2025-05-22,12.79,12.825,12.865,12.685,4220000.0,-0.74
2025-05-21,12.885,12.82,12.945,12.8,5400000.0,-0.88
2025-05-20,13.0,12.935,13.035,12.93,4370000.0,0.66
2025-05-19,12.915,12.795,12.93,12.745,4139999.9999999995,0.58
2025-05-16,12.84,12.74,12.84,12.725,5740000.0,0.9
2025-05-15,12.725,12.52,12.745,12.52,6240000.0,1.19
2025-05-14,12.575,12.5,12.595,12.5,5730000.0,0.56
2025-05-13,12.505,12.555,12.59,12.445,4120000.0,-0.52
2025-05-12,12.57,12.505,12.65,12.475,5810000.0,1.41
2025-05-08,12.43,12.375,12.475,12.315,4500000.0,0.57
2025-05-07,12.36,12.28,12.36,12.27,5000000.0,0.65
2025-05-06,12.28,12.42,12.455,12.23,3860000.0,-1.13
2025-05-05,12.42,12.385,12.44,12.29,2550000.0,0.28
2025-05-02,12.385,12.245,12.39,12.205,6330000.0,1.72
2025-04-30,12.175,12.08,12.19,12.02,9250000.0,1.08
2025-04-29,12.045,11.97,12.105,11.925,5730000.0,0.92
2025-04-28,11.935,11.815,12.02,11.815,5090000.0,1.14
2025-04-25,11.8,11.745,11.84,11.675,7120000.0,1.03
2025-04-24,11.68,11.665,11.735,11.595,3680000.0,0.13
2025-04-23,11.665,11.625,11.75,11.54,7410000.0,1.43
2025-04-22,11.5,11.385,11.51,11.355,5040000.0,1.59
2025-04-17,11.32,11.36,11.39,11.265,5850000.0,-0.35
2025-04-16,11.36,11.135,11.36,11.105,7710000.0,1.93
2025-04-15,11.145,10.95,11.145,10.95,7240000.0,2.01
2025-04-14,10.925,10.85,10.975,10.795,5310000.0,2.82
2025-04-11,10.625,10.555,10.695,10.445,9270000.0,0.66
2025-04-10,10.555,11.0,11.035,10.49,12330000.0,4.35
2025-04-09,10.115,10.08,10.26,9.992,10790000.0,-3.02
2025-04-08,10.43,10.385,10.565,10.165,10920000.0,2.2
2025-04-07,10.205,9.802,10.64,9.656,23350000.0,-3.54
2025-04-04,10.58,11.26,11.265,10.445,18140000.0,-7.36
2025-04-03,11.42,11.6,11.695,11.385,8580000.0,-3.18
2025-04-02,11.795,11.78,11.805,11.63,4170000.0,-0.21
2025-04-01,11.82,11.84,11.905,11.69,6240000.0,0.42
2025-03-31,11.77,11.885,11.9,11.645,6030000.0,-1.83
2025-03-28,11.99,11.99,12.055,11.85,6820000.0,-0.7
2025-03-27,12.075,12.035,12.19,11.92,6170000.0,-0.86
2025-03-26,12.18,12.23,12.285,12.105,5560000.0,0.0
2025-03-25,12.18,12.005,12.285,12.005,8250000.0,2.01
2025-03-24,11.94,12.05,12.075,11.875,7520000.0,-0.04
2025-03-21,11.945,11.945,12.05,11.915,32509999.999999996,-7.19
2025-03-20,12.87,13.05,13.09,12.715,11760000.0,-1.08
2025-03-19,13.01,13.1,13.16,12.975,5730000.0,-0.88
2025-03-18,13.125,13.03,13.16,12.995,6040000.0,1.12
2025-03-17,12.98,13.05,13.075,12.93,4710000.0,-0.38
2025-03-14,13.03,12.85,13.11,12.8,6480000.0,1.48
2025-03-13,12.84,12.825,12.935,12.785,5650000.0,-0.16
2025-03-12,12.86,13.055,13.11,12.785,6830000.0,-0.54
2025-03-11,12.93,13.095,13.1,12.8,9160000.0,-0.73
2025-03-10,13.025,13.235,13.32,13.025,9200000.0,-1.48
2025-03-07,13.22,13.05,13.235,12.95,9530000.0,1.46
2025-03-06,13.03,12.96,13.085,12.905,7070000.0,1.56
2025-03-05,12.83,12.655,12.91,12.65,8100000.0,3.43
2025-03-04,12.405,12.765,12.79,12.385,9450000.0,-3.58
2025-03-03,12.865,12.685,12.905,12.53,6760000.0,1.66
2025-02-28,12.655,12.61,12.695,12.555,10810000.0,0.36
2025-02-27,12.61,12.77,12.79,12.535,5470000.0,-1.52
2025-02-26,12.805,12.66,12.83,12.61,4400000.0,1.47
2025-02-25,12.62,12.37,12.66,12.365,5880000.0,1.86
2025-02-24,12.39,12.42,12.455,12.305,4139999.9999999995,-0.04
2025-02-21,12.395,12.19,12.44,12.18,8620000.0,1.72
2025-02-20,12.185,12.13,12.28,12.11,6290000.0,0.62
2025-02-19,12.11,12.225,12.285,12.08,5890000.0,-1.06
2025-02-18,12.24,12.14,12.24,12.12,5150000.0,0.91
2025-02-17,12.13,11.85,12.145,11.84,5790000.0,2.36
2025-02-14,11.85,11.845,11.875,11.79,4370000.0,-0.13
2025-02-13,11.865,11.835,11.87,11.76,5890000.0,0.72
2025-02-12,11.78,11.805,11.815,11.725,5780000.0,-0.04
2025-02-11,11.785,11.62,11.785,11.555,5110000.0,1.55
2025-02-10,11.605,11.63,11.695,11.6,5080000.0,0.17
2025-02-07,11.585,11.61,11.695,11.575,5330000.0,0.04
2025-02-06,11.58,11.33,11.605,11.285,7360000.0,2.84
2025-02-05,11.26,11.3,11.395,11.25,4160000.0,-0.31
2025-02-04,11.295,11.355,11.39,11.21,4880000.0,-0.53
2025-02-03,11.355,11.335,11.38,11.23,7280000.0,-1.09
2025-01-31,11.48,11.68,11.745,11.44,7850000.0,-1.75
2025-01-30,11.685,11.575,11.775,11.44,7900000.0,0.91
2025-01-29,11.58,11.6,11.66,11.5,6060000.0,-0.17
2025-01-28,11.6,11.64,11.69,11.515,4960000.0,-0.22
2025-01-27,11.625,11.54,11.64,11.51,5670000.0,0.35
2025-01-24,11.585,11.62,11.675,11.55,4860000.0,-0.13
2025-01-23,11.6,11.48,11.6,11.455,5730000.0,1.71
2025-01-22,11.405,11.425,11.485,11.36,8870000.0,-0.09
2025-01-21,11.415,11.26,11.415,11.26,5610000.0,1.56
2025-01-20,11.24,11.23,11.285,11.14,4730000.0,0.22
2025-01-17,11.215,11.16,11.245,11.125,5240000.0,0.81
2025-01-16,11.125,11.245,11.27,11.115,4530000.0,-0.36
2025-01-15,11.165,11.1,11.23,11.1,6090000.0,0.77
2025-01-14,11.08,11.06,11.095,10.975,7320000.0,0.91
2025-01-13,10.98,10.875,10.98,10.855,4870000.0,0.92
2025-01-10,10.88,10.865,10.985,10.82,6890000.0,-0.05
2025-01-09,10.885,10.885,10.945,10.77,5940000.0,-0.5
2025-01-08,10.94,11.005,11.015,10.86,6680000.0,-0.73
2025-01-07,11.02,10.8,11.07,10.765,11460000.0,3.18
2025-01-03,10.68,10.685,10.785,10.66,4430000.0,-0.05
2025-01-02,10.685,10.57,10.685,10.455,5770000.0,1.76
2024-12-30,10.5,10.435,10.55,10.42,3380000.0,0.48
2024-12-27,10.45,10.3,10.45,10.3,3740000.0,1.46
2024-12-23,10.3,10.25,10.305,10.215,4630000.0,0.54
2024-12-20,10.245,10.4,10.42,10.055,12640000.0,-2.1
2024-12-19,10.465,10.5,10.56,10.395,6050000.0,-1.41
2024-12-18,10.615,10.54,10.615,10.51,5540000.0,0.52
2024-12-17,10.56,10.635,10.66,10.545,6260000.0,-1.22
2024-12-16,10.69,10.685,10.745,10.645,4030000.0000000005,0.05
2024-12-13,10.685,10.69,10.72,10.635,5820000.0,0.0
2024-12-12,10.685,10.585,10.685,10.53,11510000.0,0.9
2024-12-11,10.59,10.715,10.745,10.545,9380000.0,-1.9
2024-12-10,10.795,10.925,10.975,10.765,7400000.0,-1.19
2024-12-09,10.925,11.07,11.08,10.89,8270000.0,-1.62
2024-12-05,11.105,10.9,11.105,10.9,8350000.0,1.88
2024-12-04,10.9,10.89,10.995,10.885,5050000.0,0.23
2024-12-03,10.875,10.81,10.955,10.81,5420000.0,0.69
2024-12-02,10.8,10.645,10.82,10.58,6170000.0,0.89
2024-11-29,10.705,10.685,10.745,10.64,6660000.0,0.0
2024-11-28,10.705,10.605,10.74,10.6,3310000.0,1.28
2024-11-27,10.57,10.53,10.59,10.46,4250000.0,0.09
2024-11-26,10.56,10.545,10.605,10.49,3540000.0,-0.66
2024-11-25,10.63,10.7,10.745,10.56,8470000.0,0.05
2024-11-22,10.625,10.695,10.72,10.475,5970000.0,-0.19
2024-11-21,10.645,10.63,10.68,10.555,3710000.0,0.19
2024-11-20,10.625,10.755,10.835,10.62,4600000.0,-0.93
2024-11-19,10.725,10.84,10.87,10.555,5520000.0,-0.97
2024-11-18,10.83,10.79,10.87,10.77,3920000.0,0.37
2024-11-15,10.79,10.65,10.8,10.64,5350000.0,0.98
2024-11-14,10.685,10.54,10.71,10.535,4820000.0,1.57
2024-11-13,10.52,10.57,10.61,10.465,5000000.0,-0.52
2024-11-12,10.575,10.74,10.75,10.545,4970000.0,-2.26
2024-11-11,10.82,10.76,10.845,10.735,4330000.0,1.26
2024-11-08,10.685,10.815,10.855,10.685,4800000.0,-1.2
2024-11-07,10.815,10.915,11.02,10.79,6240000.0,-0.46
2024-11-06,10.865,10.9,11.055,10.785,6150000.0,-0.23
2024-11-05,10.89,11.05,11.05,10.835,5820000.0,-1.4
2024-11-04,11.045,11.0,11.13,10.99,4890000.0,0.32
2024-11-01,11.01,10.77,11.075,10.77,6150000.0,2.28
2024-10-31,10.765,10.76,10.815,10.695,6690000.0,-0.32
2024-10-30,10.8,10.91,10.975,10.745,5750000.0,-1.14
2024-10-29,10.925,10.97,11.035,10.9,4990000.0,-0.18
2024-10-28,10.945,10.865,10.965,10.83,4179999.9999999995,0.97
2024-10-25,10.84,10.825,10.955,10.82,3510000.0,0.14
2024-10-24,10.825,10.895,10.93,10.82,3360000.0,-0.64
2024-10-23,10.895,10.97,11.05,10.865,4380000.0,-0.32
2024-10-22,10.93,10.94,10.99,10.835,4420000.0,-0.09
2024-10-21,10.94,11.065,11.1,10.915,4670000.0,-1.26
2024-10-18,11.08,11.045,11.155,10.925,6290000.0,0.32
2024-10-17,11.045,10.72,11.085,10.705,14060000.0,6.3
2024-10-16,10.39,10.395,10.45,10.335,5110000.0,-0.34
2024-10-15,10.425,10.37,10.48,10.35,5350000.0,0.68
2024-10-14,10.355,10.37,10.41,10.32,2980000.0,-0.1
2024-10-11,10.365,10.4,10.42,10.32,7850000.0,-0.58
2024-10-10,10.425,10.4,10.47,10.385,5540000.0,0.29
2024-10-08,10.44,10.395,10.485,10.35,4240000.0,-0.24
2024-10-07,10.465,10.475,10.5,10.37,3980000.0,0.63
2024-10-04,10.4,10.345,10.49,10.305,6100000.0,0.63
2024-10-03,10.335,10.47,10.47,10.28,5260000.0,-1.34
2024-10-02,10.475,10.4,10.48,10.37,5440000.0,1.16
