"Date","Price","Open","High","Low","Vol.","Change %"
"10/02/2025","14.020","14.040","14.090","13.970","546.50K","0.43%"
"10/01/2025","13.960","13.915","13.995","13.810","3.39M","-0.11%"
"09/30/2025","13.975","14.265","14.280","13.890","5.36M","-1.93%"
"09/29/2025","14.250","14.265","14.300","14.165","4.90M","0.35%"
"09/26/2025","14.200","13.945","14.255","13.935","4.20M","2.56%"
"09/25/2025","13.845","13.970","13.980","13.775","2.87M","-1.11%"
"09/24/2025","14.000","13.900","14.080","13.875","6.26M","0.72%"
"09/23/2025","13.900","13.755","13.985","13.710","3.82M","1.13%"
"09/22/2025","13.745","13.825","13.840","13.685","3.35M","-0.83%"
"09/19/2025","13.860","13.690","13.905","13.610","9.00M","1.54%"
"09/18/2025","13.650","13.790","13.850","13.595","3.65M","-0.66%"
"09/17/2025","13.740","13.780","13.795","13.645","4.00M","0.15%"
"09/16/2025","13.720","13.835","13.905","13.695","3.44M","-0.87%"
"09/15/2025","13.840","13.760","13.890","13.690","2.93M","1.06%"
"09/12/2025","13.695","13.650","13.715","13.590","2.62M","0.48%"
"09/11/2025","13.630","13.685","13.710","13.585","3.26M","-0.37%"
"09/10/2025","13.680","13.575","13.705","13.535","3.86M","0.81%"
"09/09/2025","13.570","13.555","13.675","13.465","3.60M","0.30%"
"09/08/2025","13.530","13.370","13.550","13.355","5.43M","1.42%"
"09/05/2025","13.340","13.400","13.480","13.310","3.93M","-0.22%"
"09/04/2025","13.370","13.245","13.415","13.200","3.17M","1.25%"
"09/03/2025","13.205","13.300","13.360","13.135","2.91M","-0.49%"
"09/02/2025","13.270","13.380","13.445","13.245","3.24M","-0.67%"
"09/01/2025","13.360","13.155","13.380","13.155","3.12M","2.45%"
"08/29/2025","13.040","13.080","13.095","12.940","4.13M","-0.61%"
"08/28/2025","13.120","13.220","13.290","13.095","2.43M","-0.61%"
"08/27/2025","13.200","13.330","13.375","13.145","3.38M","-0.98%"
"08/26/2025","13.330","13.335","13.355","13.130","6.31M","-0.52%"
"08/25/2025","13.400","13.440","13.480","13.370","2.43M","-0.70%"
"08/22/2025","13.495","13.350","13.515","13.310","2.51M","0.93%"
"08/21/2025","13.370","13.435","13.485","13.280","3.65M","-1.40%"
"08/20/2025","13.560","13.540","13.560","13.465","2.70M","0.07%"
"08/19/2025","13.550","13.580","13.655","13.550","2.11M","0.15%"
"08/18/2025","13.530","13.725","13.765","13.505","2.30M","-1.35%"
"08/15/2025","13.715","13.730","13.810","13.650","3.49M","0.26%"
"08/14/2025","13.680","13.400","13.690","13.395","4.66M","2.43%"
"08/13/2025","13.355","13.255","13.385","13.235","2.99M","0.83%"
"08/12/2025","13.245","13.210","13.260","13.110","4.13M","0.80%"
"08/11/2025","13.140","13.215","13.255","13.130","2.88M","-0.11%"
"08/08/2025","13.155","13.030","13.160","13.025","4.12M","1.00%"
"08/07/2025","13.025","12.900","13.025","12.890","3.66M","1.32%"
"08/06/2025","12.855","12.825","12.920","12.825","2.81M","0.71%"
"08/05/2025","12.765","12.870","12.890","12.755","2.98M","-0.51%"
"08/04/2025","12.830","12.680","12.835","12.680","3.27M","1.58%"
"08/01/2025","12.630","12.720","12.750","12.555","5.89M","-1.33%"
"07/31/2025","12.800","12.920","12.940","12.785","4.39M","-0.54%"
"07/30/2025","12.870","12.660","12.930","12.660","2.86M","0.78%"
"07/29/2025","12.770","12.770","12.770","12.770","3.96M","1.27%"
"07/28/2025","12.610","12.725","12.770","12.575","2.84M","0.08%"
"07/25/2025","12.600","12.690","12.695","12.575","3.61M","-0.63%"
"07/24/2025","12.680","12.610","12.710","12.560","6.53M","1.89%"
"07/23/2025","12.445","12.275","12.470","12.265","4.18M","2.47%"
"07/22/2025","12.145","12.230","12.265","12.145","3.96M","-0.90%"
"07/21/2025","12.255","12.180","12.285","12.155","3.66M","0.29%"
"07/18/2025","12.220","12.200","12.280","12.100","5.98M","0.58%"
"07/17/2025","12.150","12.430","12.450","11.965","11.13M","-2.68%"
"07/16/2025","12.485","12.470","12.560","12.435","3.78M","-0.08%"
"07/15/2025","12.495","12.625","12.665","12.485","3.37M","-1.07%"
"07/14/2025","12.630","12.555","12.635","12.485","2.27M","-0.24%"
"07/11/2025","12.660","12.900","12.910","12.625","4.40M","-2.31%"
"07/10/2025","12.960","13.000","13.025","12.905","2.94M","0.19%"
"07/09/2025","12.935","12.730","12.935","12.710","4.42M","2.37%"
"07/08/2025","12.635","12.680","12.715","12.565","3.02M","-0.24%"
"07/07/2025","12.665","12.520","12.665","12.510","2.36M","1.16%"
"07/04/2025","12.520","12.665","12.680","12.485","2.75M","-1.30%"
"07/03/2025","12.685","12.545","12.725","12.515","2.94M","1.40%"
"07/02/2025","12.510","12.500","12.595","12.465","2.84M","0.60%"
"07/01/2025","12.435","12.610","12.625","12.370","3.35M","-1.39%"
"06/30/2025","12.610","12.745","12.770","12.565","5.38M","-0.75%"
"06/27/2025","12.705","12.505","12.720","12.485","4.09M","2.21%"
"06/26/2025","12.430","12.515","12.550","12.375","3.69M","-0.20%"
"06/25/2025","12.455","12.530","12.530","12.395","3.30M","-0.20%"
"06/24/2025","12.480","12.380","12.525","12.365","5.32M","2.76%"
"06/23/2025","12.145","12.215","12.315","12.090","6.68M","-1.38%"
"06/19/2025","12.315","12.360","12.395","12.280","9.23M","-0.97%"
"06/18/2025","12.435","12.440","12.505","12.365","4.25M","-0.04%"
"06/17/2025","12.440","12.510","12.525","12.395","4.17M","-1.27%"
"06/16/2025","12.600","12.455","12.620","12.435","4.21M","1.45%"
"06/13/2025","12.420","12.445","12.510","12.370","6.95M","-1.66%"
"06/12/2025","12.630","12.445","12.655","12.395","5.03M","0.52%"
"06/11/2025","12.565","12.610","12.690","12.540","5.74M","-0.36%"
"06/10/2025","12.610","12.705","12.710","12.570","3.89M","-0.86%"
"06/09/2025","12.720","12.685","12.720","12.625","2.60M","0.20%"
"06/06/2025","12.695","12.715","12.740","12.615","4.66M","-0.20%"
"06/05/2025","12.720","12.720","12.730","12.580","5.05M","-0.27%"
"06/04/2025","12.755","12.780","12.825","12.700","4.05M","0.31%"
"06/03/2025","12.715","12.830","12.835","12.595","3.87M","-0.78%"
"06/02/2025","12.815","12.700","12.870","12.645","5.82M","0.39%"
"05/30/2025","12.765","12.705","12.825","12.670","10.21M","0.67%"
"05/28/2025","12.680","12.700","12.770","12.610","4.14M","-0.35%"
"05/27/2025","12.725","12.800","12.830","12.700","3.22M","-0.39%"
"05/26/2025","12.775","12.790","12.850","12.720","3.21M","0.87%"
"05/23/2025","12.665","12.805","12.840","12.330","6.79M","-0.98%"
"05/22/2025","12.790","12.825","12.865","12.685","4.22M","-0.74%"
"05/21/2025","12.885","12.820","12.945","12.800","5.40M","-0.88%"
"05/20/2025","13.000","12.935","13.035","12.930","4.37M","0.66%"
"05/19/2025","12.915","12.795","12.930","12.745","4.14M","0.58%"
"05/16/2025","12.840","12.740","12.840","12.725","5.74M","0.90%"
"05/15/2025","12.725","12.520","12.745","12.520","6.24M","1.19%"
"05/14/2025","12.575","12.500","12.595","12.500","5.73M","0.56%"
"05/13/2025","12.505","12.555","12.590","12.445","4.12M","-0.52%"
"05/12/2025","12.570","12.505","12.650","12.475","5.81M","1.41%"
"05/09/2025","12.395","12.470","12.510","12.390","6.68M","-0.28%"
"05/08/2025","12.430","12.375","12.475","12.315","4.50M","0.57%"
"05/07/2025","12.360","12.280","12.360","12.270","5.00M","0.65%"
"05/06/2025","12.280","12.420","12.455","12.230","3.86M","-1.13%"
"05/05/2025","12.420","12.385","12.440","12.290","2.55M","0.28%"
"05/02/2025","12.385","12.245","12.390","12.205","6.33M","1.72%"
"04/30/2025","12.175","12.080","12.190","12.020","9.25M","1.08%"
"04/29/2025","12.045","11.970","12.105","11.925","5.73M","0.92%"
"04/28/2025","11.935","11.815","12.020","11.815","5.09M","1.14%"
"04/25/2025","11.800","11.745","11.840","11.675","7.12M","1.03%"
"04/24/2025","11.680","11.665","11.735","11.595","3.68M","0.13%"
"04/23/2025","11.665","11.625","11.750","11.540","7.41M","1.43%"
"04/22/2025","11.500","11.385","11.510","11.355","5.04M","1.59%"
"04/17/2025","11.320","11.360","11.390","11.265","5.85M","-0.35%"
"04/16/2025","11.360","11.135","11.360","11.105","7.71M","1.93%"
"04/15/2025","11.145","10.950","11.145","10.950","7.24M","2.01%"
"04/14/2025","10.925","10.850","10.975","10.795","5.31M","2.82%"
"04/11/2025","10.625","10.555","10.695","10.445","9.27M","0.66%"
"04/10/2025","10.555","11.000","11.035","10.490","12.33M","4.35%"
"04/09/2025","10.115","10.080","10.260","9.992","10.79M","-3.02%"
"04/08/2025","10.430","10.385","10.565","10.165","10.92M","2.20%"
"04/07/2025","10.205","9.802","10.640","9.656","23.35M","-3.54%"
"04/04/2025","10.580","11.260","11.265","10.445","18.14M","-7.36%"
"04/03/2025","11.420","11.600","11.695","11.385","8.58M","-3.18%"
"04/02/2025","11.795","11.780","11.805","11.630","4.17M","-0.21%"
"04/01/2025","11.820","11.840","11.905","11.690","6.24M","0.42%"
"03/31/2025","11.770","11.885","11.900","11.645","6.03M","-1.83%"
"03/28/2025","11.990","11.990","12.055","11.850","6.82M","-0.70%"
"03/27/2025","12.075","12.035","12.190","11.920","6.17M","-0.86%"
"03/26/2025","12.180","12.230","12.285","12.105","5.56M","0.00%"
"03/25/2025","12.180","12.005","12.285","12.005","8.25M","2.01%"
"03/24/2025","11.940","12.050","12.075","11.875","7.52M","-0.04%"
"03/21/2025","11.945","11.945","12.050","11.915","32.51M","-7.19%"
"03/20/2025","12.870","13.050","13.090","12.715","11.76M","-1.08%"
"03/19/2025","13.010","13.100","13.160","12.975","5.73M","-0.88%"
"03/18/2025","13.125","13.030","13.160","12.995","6.04M","1.12%"
"03/17/2025","12.980","13.050","13.075","12.930","4.71M","-0.38%"
"03/14/2025","13.030","12.850","13.110","12.800","6.48M","1.48%"
"03/13/2025","12.840","12.825","12.935","12.785","5.65M","-0.16%"
"03/12/2025","12.860","13.055","13.110","12.785","6.83M","-0.54%"
"03/11/2025","12.930","13.095","13.100","12.800","9.16M","-0.73%"
"03/10/2025","13.025","13.235","13.320","13.025","9.20M","-1.48%"
"03/07/2025","13.220","13.050","13.235","12.950","9.53M","1.46%"
"03/06/2025","13.030","12.960","13.085","12.905","7.07M","1.56%"
"03/05/2025","12.830","12.655","12.910","12.650","8.10M","3.43%"
"03/04/2025","12.405","12.765","12.790","12.385","9.45M","-3.58%"
"03/03/2025","12.865","12.685","12.905","12.530","6.76M","1.66%"
"02/28/2025","12.655","12.610","12.695","12.555","10.81M","0.36%"
"02/27/2025","12.610","12.770","12.790","12.535","5.47M","-1.52%"
"02/26/2025","12.805","12.660","12.830","12.610","4.40M","1.47%"
"02/25/2025","12.620","12.370","12.660","12.365","5.88M","1.86%"
"02/24/2025","12.390","12.420","12.455","12.305","4.14M","-0.04%"
"02/21/2025","12.395","12.190","12.440","12.180","8.62M","1.72%"
"02/20/2025","12.185","12.130","12.280","12.110","6.29M","0.62%"
"02/19/2025","12.110","12.225","12.285","12.080","5.89M","-1.06%"
"02/18/2025","12.240","12.140","12.240","12.120","5.15M","0.91%"
"02/17/2025","12.130","11.850","12.145","11.840","5.79M","2.36%"
"02/14/2025","11.850","11.845","11.875","11.790","4.37M","-0.13%"
"02/13/2025","11.865","11.835","11.870","11.760","5.89M","0.72%"
"02/12/2025","11.780","11.805","11.815","11.725","5.78M","-0.04%"
"02/11/2025","11.785","11.620","11.785","11.555","5.11M","1.55%"
"02/10/2025","11.605","11.630","11.695","11.600","5.08M","0.17%"
"02/07/2025","11.585","11.610","11.695","11.575","5.33M","0.04%"
"02/06/2025","11.580","11.330","11.605","11.285","7.36M","2.84%"
"02/05/2025","11.260","11.300","11.395","11.250","4.16M","-0.31%"
"02/04/2025","11.295","11.355","11.390","11.210","4.88M","-0.53%"
"02/03/2025","11.355","11.335","11.380","11.230","7.28M","-1.09%"
"01/31/2025","11.480","11.680","11.745","11.440","7.85M","-1.75%"
"01/30/2025","11.685","11.575","11.775","11.440","7.90M","0.91%"
"01/29/2025","11.580","11.600","11.660","11.500","6.06M","-0.17%"
"01/28/2025","11.600","11.640","11.690","11.515","4.96M","-0.22%"
"01/27/2025","11.625","11.540","11.640","11.510","5.67M","0.35%"
"01/24/2025","11.585","11.620","11.675","11.550","4.86M","-0.13%"
"01/23/2025","11.600","11.480","11.600","11.455","5.73M","1.71%"
"01/22/2025","11.405","11.425","11.485","11.360","8.87M","-0.09%"
"01/21/2025","11.415","11.260","11.415","11.260","5.61M","1.56%"
"01/20/2025","11.240","11.230","11.285","11.140","4.73M","0.22%"
"01/17/2025","11.215","11.160","11.245","11.125","5.24M","0.81%"
"01/16/2025","11.125","11.245","11.270","11.115","4.53M","-0.36%"
"01/15/2025","11.165","11.100","11.230","11.100","6.09M","0.77%"
"01/14/2025","11.080","11.060","11.095","10.975","7.32M","0.91%"
"01/13/2025","10.980","10.875","10.980","10.855","4.87M","0.92%"
"01/10/2025","10.880","10.865","10.985","10.820","6.89M","-0.05%"
"01/09/2025","10.885","10.885","10.945","10.770","5.94M","-0.50%"
"01/08/2025","10.940","11.005","11.015","10.860","6.68M","-0.73%"
"01/07/2025","11.020","10.800","11.070","10.765","11.46M","3.18%"
"01/03/2025","10.680","10.685","10.785","10.660","4.43M","-0.05%"
"01/02/2025","10.685","10.570","10.685","10.455","5.77M","1.76%"
"12/30/2024","10.500","10.435","10.550","10.420","3.38M","0.48%"
"12/27/2024","10.450","10.300","10.450","10.300","3.74M","1.46%"
"12/23/2024","10.300","10.250","10.305","10.215","4.63M","0.54%"
"12/20/2024","10.245","10.400","10.420","10.055","12.64M","-2.10%"
"12/19/2024","10.465","10.500","10.560","10.395","6.05M","-1.41%"
"12/18/2024","10.615","10.540","10.615","10.510","5.54M","0.52%"
"12/17/2024","10.560","10.635","10.660","10.545","6.26M","-1.22%"
"12/16/2024","10.690","10.685","10.745","10.645","4.03M","0.05%"
"12/13/2024","10.685","10.690","10.720","10.635","5.82M","0.00%"
"12/12/2024","10.685","10.585","10.685","10.530","11.51M","0.90%"
"12/11/2024","10.590","10.715","10.745","10.545","9.38M","-1.90%"
"12/10/2024","10.795","10.925","10.975","10.765","7.40M","-1.19%"
"12/09/2024","10.925","11.070","11.080","10.890","8.27M","-1.62%"
"12/05/2024","11.105","10.900","11.105","10.900","8.35M","1.88%"
"12/04/2024","10.900","10.890","10.995","10.885","5.05M","0.23%"
"12/03/2024","10.875","10.810","10.955","10.810","5.42M","0.69%"
"12/02/2024","10.800","10.645","10.820","10.580","6.17M","0.89%"
"11/29/2024","10.705","10.685","10.745","10.640","6.66M","0.00%"
"11/28/2024","10.705","10.605","10.740","10.600","3.31M","1.28%"
"11/27/2024","10.570","10.530","10.590","10.460","4.25M","0.09%"
"11/26/2024","10.560","10.545","10.605","10.490","3.54M","-0.66%"
"11/25/2024","10.630","10.700","10.745","10.560","8.47M","0.05%"
"11/22/2024","10.625","10.695","10.720","10.475","5.97M","-0.19%"
"11/21/2024","10.645","10.630","10.680","10.555","3.71M","0.19%"
"11/20/2024","10.625","10.755","10.835","10.620","4.60M","-0.93%"
"11/19/2024","10.725","10.840","10.870","10.555","5.52M","-0.97%"
"11/18/2024","10.830","10.790","10.870","10.770","3.92M","0.37%"
"11/15/2024","10.790","10.650","10.800","10.640","5.35M","0.98%"
"11/14/2024","10.685","10.540","10.710","10.535","4.82M","1.57%"
"11/13/2024","10.520","10.570","10.610","10.465","5.00M","-0.52%"
"11/12/2024","10.575","10.740","10.750","10.545","4.97M","-2.26%"
"11/11/2024","10.820","10.760","10.845","10.735","4.33M","1.26%"
"11/08/2024","10.685","10.815","10.855","10.685","4.80M","-1.20%"
"11/07/2024","10.815","10.915","11.020","10.790","6.24M","-0.46%"
"11/06/2024","10.865","10.900","11.055","10.785","6.15M","-0.23%"
"11/05/2024","10.890","11.050","11.050","10.835","5.82M","-1.40%"
"11/04/2024","11.045","11.000","11.130","10.990","4.89M","0.32%"
"11/01/2024","11.010","10.770","11.075","10.770","6.15M","2.28%"
"10/31/2024","10.765","10.760","10.815","10.695","6.69M","-0.32%"
"10/30/2024","10.800","10.910","10.975","10.745","5.75M","-1.14%"
"10/29/2024","10.925","10.970","11.035","10.900","4.99M","-0.18%"
"10/28/2024","10.945","10.865","10.965","10.830","4.18M","0.97%"
"10/25/2024","10.840","10.825","10.955","10.820","3.51M","0.14%"
"10/24/2024","10.825","10.895","10.930","10.820","3.36M","-0.64%"
"10/23/2024","10.895","10.970","11.050","10.865","4.38M","-0.32%"
"10/22/2024","10.930","10.940","10.990","10.835","4.42M","-0.09%"
"10/21/2024","10.940","11.065","11.100","10.915","4.67M","-1.26%"
"10/18/2024","11.080","11.045","11.155","10.925","6.29M","0.32%"
"10/17/2024","11.045","10.720","11.085","10.705","14.06M","6.30%"
"10/16/2024","10.390","10.395","10.450","10.335","5.11M","-0.34%"
"10/15/2024","10.425","10.370","10.480","10.350","5.35M","0.68%"
"10/14/2024","10.355","10.370","10.410","10.320","2.98M","-0.10%"
"10/11/2024","10.365","10.400","10.420","10.320","7.85M","-0.58%"
"10/10/2024","10.425","10.400","10.470","10.385","5.54M","0.29%"
"10/09/2024","10.395","10.410","10.420","10.345","5.73M","-0.43%"
"10/08/2024","10.440","10.395","10.485","10.350","4.24M","-0.24%"
"10/07/2024","10.465","10.475","10.500","10.370","3.98M","0.63%"
"10/04/2024","10.400","10.345","10.490","10.305","6.10M","0.63%"
"10/03/2024","10.335","10.470","10.470","10.280","5.26M","-1.34%"
"10/02/2024","10.475","10.400","10.480","10.370","5.44M","1.16%"